<beans xmlns="http://www.springframework.org/schema/beans"
	xmlns:xsi="http://www.w3.org/2001/XMLSchema-instance"
	xmlns:context="http://www.springframework.org/schema/context"
	xsi:schemaLocation="http://www.springframework.org/schema/beans
    http://www.springframework.org/schema/beans/spring-beans-3.0.xsd
    http://www.springframework.org/schema/context
    http://www.springframework.org/schema/context/spring-context-3.0.xsd">

	<bean id="emp1" class="com.citi.springcore.Employee" autowire="byType" >
		<property name="empId" value="11"></property>
		<property name="empName" value="suresh"></property>
		<property name="empSal" value="23000"></property>
		<property name="empAdd" value="karntaka"></property>
	<!-- 	<property name="address" ref="add"></property> -->
	</bean>

	<bean id="add" class="com.citi.springcore.Address" >
		<property name="hno" value="2"></property>
		<property name="colony" value="rbi colony"></property>
		<property name="city" value="banglore"></property>
		<property name="pincode" value="432332"></property>
	</bean>

</beans>

